Model,CV_F1,Test_Accuracy,Test_Precision,Test_Recall,Test_F1,Test_ROC_AUC
Logistic Regression,0.5237741624391175,0.9282178217821783,0.3611111111111111,0.6842105263157895,0.4727272727272727,0.9436773752563226
Decision Tree,0.8710155316606929,0.9925742574257426,0.9444444444444444,0.8947368421052632,0.918918918918919,0.9460697197539304
Random Forest,0.8058974358974359,0.9925742574257426,1.0,0.8421052631578947,0.9142857142857143,0.958714969241285
Gradient Boosting,0.911982091982092,0.995049504950495,1.0,0.8947368421052632,0.9444444444444444,0.983321941216678
SVM (RBF),0.7294027149321266,0.9925742574257426,1.0,0.8421052631578947,0.9142857142857143,0.956390977443609
KNN,0.4260737285127528,0.9331683168316832,0.3888888888888889,0.7368421052631579,0.509090909090909,0.8712235133287765
